ab	ba
abi	bai
abn	ban
abng	bang
abo	bao
ac	ca
aci	cai
acn	can
acng	cang
aco	cao
ad	da
adi	dai
adn	dan
adng	dang
ado	dao
af	fa
afn	fan
afng	fang
ag	ga
agi	gai
agn	gan
agng	gang
ago	gao
ah	ha
ahi	hai
ahn	han
ahng	hang
aho	hao
ak	ka
aki	kai
akn	kan
akng	kang
ako	kao
al	la
ali	lai
aln	lan
alng	lang
alo	lao
am	ma
ami	mai
amn	man
amng	mang
amo	mao
ani	nai
ann	nan
anng	nang
ano	nao
ap	pa
api	pai
apn	pan
apng	pang
apo	pao
arn	ran
arng	rang
aro	rao
as	sa
asi	sai
asn	san
asng	sang
aso	sao
at	ta
ati	tai
atn	tan
atng	tang
ato	tao
aw	wa
awi	wai
awn	wan
awng	wang
ay	ya
ayn	yan
ayng	yang
ayo	yao
az	za
azi	zai
azn	zan
azng	zang
azo	zao
bagn	bang
bain	bian
baing	biang
baio	biao
begn	beng
bia	bai
biagn	biang
bign	bing
bina	bian
binag	biang
bioa	biao
bna	ban
bnag	bang
bne	ben
bneg	beng
bni	bin
bnig	bing
boa	bao
cagn	cang
cah	cha
cahi	chai
cahn	chan
cahng	chang
caho	chao
caun	cuan
cegn	ceng
ceh	che
cehn	chen
cehng	cheng
chagn	chang
chau	chua
chaui	chuai
chaun	chuan
chaung	chuang
chegn	cheng
chia	chai
chiu	chui
chna	chan
chnag	chang
chne	chen
chneg	cheng
chnog	chong
chnu	chun
choa	chao
chogn	chong
chuagn	chuang
chuia	chuai
chuna	chuan
chunag	chuang
cia	cai
cie	cei
cih	chi
ciu	cui
cna	can
cnag	cang
cne	cen
cneg	ceng
cnog	cong
cnu	cun
coa	cao
cogn	cong
cohng	chong
cohu	chou
cuh	chu
cuha	chua
cuhai	chuai
cuhan	chuan
cuhang	chuang
cuhi	chui
cuhn	chun
cuho	chuo
cuna	cuan
dagn	dang
dain	dian
daio	diao
daun	duan
degn	deng
dign	ding
dina	dian
dioa	diao
dna	dan
dnag	dang
dne	den
dneg	deng
dnig	ding
dnog	dong
dnu	dun
doa	dao
dogn	dong
duna	duan
ebi	bei
ebn	ben
ebng	beng
ec	ce
eci	cei
ecn	cen
ecng	ceng
ed	de
edi	dei
edn	den
edng	deng
efi	fei
efn	fen
efng	feng
eg	ge
egi	gei
egn	eng
egng	geng
eh	he
ehi	hei
ehn	hen
ehng	heng
ek	ke
eki	kei
ekn	ken
ekng	keng
el	le
eli	lei
elng	leng
em	me
emi	mei
emn	men
emng	meng
eni	nei
enn	nen
enng	neng
epi	pei
epn	pen
epng	peng
ern	ren
erng	reng
es	se
esn	sen
esng	seng
et	te
eti	tei
etng	teng
ewi	wei
ewn	wen
ewng	weng
ey	ye
ez	ze
ezi	zei
ezn	zen
ezng	zeng
fagn	fang
faio	fiao
fegn	feng
fie	fei
fioa	fiao
fna	fan
fnag	fang
fne	fen
fneg	feng
fuo	fou
gagn	gang
gau	gua
gaui	guai
gaun	guan
gaung	guang
gegn	geng
gia	gai
gie	gei
giu	gui
gna	gan
gnag	gang
gne	gen
gneg	geng
gnog	gong
gnu	gun
goa	gao
gogn	gong
guagn	guang
guia	guai
guna	guan
gunag	guang
hagn	hang
hau	hua
haui	huai
haun	huan
haung	huang
hca	cha
hcai	chai
hcan	chan
hcang	chang
hcao	chao
hce	che
hcen	chen
hceng	cheng
hci	chi
hcong	chong
hcou	chou
hcu	chu
hcua	chua
hcuai	chuai
hcuan	chuan
hcuang	chuang
hcui	chui
hcun	chun
hcuo	chuo
hegn	heng
hia	hai
hie	hei
hiu	hui
hna	han
hnag	hang
hne	hen
hneg	heng
hnog	hong
hnu	hun
hoa	hao
hogn	hong
hsa	sha
hsai	shai
hsan	shan
hsang	shang
hsao	shao
hse	she
hsei	shei
hsen	shen
hseng	sheng
hsi	shi
hsou	shou
hsu	shu
hsua	shua
hsuai	shuai
hsuan	shuan
hsuang	shuang
hsui	shui
hsun	shun
hsuo	shuo
huagn	huang
huia	huai
huna	huan
hunag	huang
hza	zha
hzai	zhai
hzan	zhan
hzang	zhang
hzao	zhao
hze	zhe
hzei	zhei
hzen	zhen
hzeng	zheng
hzi	zhi
hzong	zhong
hzou	zhou
hzu	zhu
hzua	zhua
hzuai	zhuai
hzuan	zhuan
hzuang	zhuang
hzui	zhui
hzun	zhun
hzuo	zhuo
ia	ai
ib	bi
iban	bian
ibang	biang
ibao	biao
ibe	bie
ibn	bin
ibng	bing
ic	ci
id	di
ida	dia
idan	dian
idao	diao
ide	die
idng	ding
idu	diu
ie	ei
ifao	fiao
ij	ji
ija	jia
ijan	jian
ijang	jiang
ijao	jiao
ije	jie
ijn	jin
ijng	jing
ijong	jiong
iju	jiu
il	li
ila	lia
ilan	lian
ilang	liang
ilao	liao
ile	lie
iln	lin
ilng	ling
ilu	liu
im	mi
iman	mian
imao	miao
ime	mie
imn	min
imng	ming
imu	miu
in	ni
inan	nian
inang	niang
inao	niao
ine	nie
inn	nin
inng	ning
inu	niu
ip	pi
ipan	pian
ipao	piao
ipe	pie
ipn	pin
ipng	ping
iq	qi
iqa	qia
iqan	qian
iqang	qiang
iqao	qiao
iqe	qie
iqn	qin
iqng	qing
iqong	qiong
iqu	qiu
ir	ri
is	si
it	ti
itan	tian
itao	tiao
ite	tie
itng	ting
ix	xi
ixa	xia
ixan	xian
ixang	xiang
ixao	xiao
ixe	xie
ixn	xin
ixng	xing
ixong	xiong
ixu	xiu
iy	yi
iyn	yin
iyng	ying
iz	zi
jai	jia
jain	jian
jaing	jiang
jaio	jiao
jaun	juan
jei	jie
jiagn	jiang
jign	jing
jina	jian
jinag	jiang
jinog	jiong
jioa	jiao
jiogn	jiong
jni	jin
jnig	jing
jnu	jun
joing	jiong
jui	jiu
juna	juan
kagn	kang
kau	kua
kaui	kuai
kaun	kuan
kaung	kuang
kegn	keng
kia	kai
kie	kei
kiu	kui
kna	kan
knag	kang
kne	ken
kneg	keng
knog	kong
knu	kun
koa	kao
kogn	kong
kuagn	kuang
kuia	kuai
kuna	kuan
kunag	kuang
lagn	lang
lain	lian
laing	liang
laio	liao
laun	luan
legn	leng
lev	lve
liagn	liang
lign	ling
lina	lian
linag	liang
lioa	liao
lna	lan
lnag	lang
lneg	leng
lni	lin
lnig	ling
lnog	long
lnu	lun
loa	lao
logn	long
lui	liu
luna	luan
magn	mang
main	mian
maio	miao
megn	meng
mia	mai
mign	ming
mina	mian
mioa	miao
mna	man
mnag	mang
mne	men
mneg	meng
mni	min
mnig	ming
moa	mao
mui	miu
muo	mou
nag	ang
nagn	nang
nain	nian
naing	niang
naio	niao
naun	nuan
neg	eng
negn	neng
nev	nve
nia	nai
niagn	niang
nign	ning
nina	nian
ninag	niang
nioa	niao
nna	nan
nnag	nang
nne	nen
nneg	neng
nni	nin
nnig	ning
nnog	nong
noa	nao
nogn	nong
nui	niu
nuna	nuan
oa	ao
ob	bo
ocng	cong
ocu	cou
odng	dong
odu	dou
of	fo
ofu	fou
ogng	gong
ogu	gou
ohng	hong
ohu	hou
okng	kong
oku	kou
ol	lo
olng	long
olu	lou
om	mo
omu	mou
onng	nong
onu	nou
op	po
opu	pou
orng	rong
oru	rou
osng	song
osu	sou
otng	tong
otu	tou
ow	wo
oy	yo
oyng	yong
oyu	you
ozng	zong
ozu	zou
pagn	pang
pain	pian
paio	piao
pegn	peng
pia	pai
pign	ping
pina	pian
pioa	piao
pna	pan
pnag	pang
pne	pen
pneg	peng
pni	pin
pnig	ping
poa	pao
puo	pou
qai	qia
qain	qian
qaing	qiang
qaio	qiao
qaun	quan
qei	qie
qiagn	qiang
qign	qing
qina	qian
qinag	qiang
qinog	qiong
qioa	qiao
qiogn	qiong
qni	qin
qnig	qing
qnu	qun
qoing	qiong
qui	qiu
quna	quan
ragn	rang
rau	rua
raun	ruan
regn	reng
riu	rui
rna	ran
rnag	rang
rne	ren
rneg	reng
rnog	rong
rnu	run
roa	rao
rogn	rong
runa	ruan
sagn	sang
sah	sha
sahi	shai
sahn	shan
sahng	shang
saho	shao
saun	suan
segn	seng
seh	she
sehi	shei
sehn	shen
sehng	sheng
shagn	shang
shau	shua
shaui	shuai
shaun	shuan
shaung	shuang
shegn	sheng
shia	shai
shie	shei
shiu	shui
shna	shan
shnag	shang
shne	shen
shneg	sheng
shnu	shun
shoa	shao
shuagn	shuang
shuia	shuai
shuna	shuan
shunag	shuang
sia	sai
sih	shi
siu	sui
sna	san
snag	sang
sne	sen
sneg	seng
snog	song
snu	sun
soa	sao
sogn	song
sohu	shou
suh	shu
suha	shua
suhai	shuai
suhan	shuan
suhang	shuang
suhi	shui
suhn	shun
suho	shuo
suna	suan
tagn	tang
tain	tian
taio	tiao
taun	tuan
tegn	teng
tia	tai
tign	ting
tina	tian
tioa	tiao
tiu	tui
tna	tan
tnag	tang
tneg	teng
tnig	ting
tnog	tong
tnu	tun
toa	tao
togn	tong
tuna	tuan
ub	bu
uc	cu
ucan	cuan
uci	cui
ucn	cun
uco	cuo
ud	du
udan	duan
udi	dui
udn	dun
udo	duo
uf	fu
ug	gu
uga	gua
ugai	guai
ugan	guan
ugang	guang
ugi	gui
ugn	gun
ugo	guo
uh	hu
uha	hua
uhai	huai
uhan	huan
uhang	huang
uhi	hui
uhn	hun
uho	huo
uj	ju
ujan	juan
ujn	jun
uk	ku
uka	kua
ukai	kuai
ukan	kuan
ukang	kuang
uki	kui
ukn	kun
uko	kuo
ul	lu
ulan	luan
uln	lun
ulo	luo
um	mu
un	nu
unan	nuan
uno	nuo
uo	ou
up	pu
uq	qu
uqan	quan
uqn	qun
ur	ru
ura	rua
uran	ruan
uri	rui
urn	run
uro	ruo
us	su
usan	suan
usi	sui
usn	sun
uso	suo
ut	tu
utan	tuan
uti	tui
utn	tun
uto	tuo
uw	wu
ux	xu
uxan	xuan
uxn	xun
uy	yu
uyan	yuan
uyn	yun
uz	zu
uzan	zuan
uzi	zui
uzn	zun
uzo	zuo
vl	lv
vle	lve
vn	nv
vne	nve
wagn	wang
wegn	weng
wia	wai
wie	wei
wna	wan
wnag	wang
wne	wen
wneg	weng
xai	xia
xain	xian
xaing	xiang
xaio	xiao
xaun	xuan
xei	xie
xiagn	xiang
xign	xing
xina	xian
xinag	xiang
xinog	xiong
xioa	xiao
xiogn	xiong
xni	xin
xnig	xing
xnu	xun
xoing	xiong
xui	xiu
xuna	xuan
yagn	yang
yaun	yuan
yign	ying
yna	yan
ynag	yang
yni	yin
ynig	ying
ynog	yong
ynu	yun
yoa	yao
yogn	yong
yuna	yuan
yuo	you
zagn	zang
zah	zha
zahi	zhai
zahn	zhan
zahng	zhang
zaho	zhao
zaun	zuan
zegn	zeng
zeh	zhe
zehi	zhei
zehn	zhen
zehng	zheng
zhagn	zhang
zhau	zhua
zhaui	zhuai
zhaun	zhuan
zhaung	zhuang
zhegn	zheng
zhia	zhai
zhie	zhei
zhiu	zhui
zhna	zhan
zhnag	zhang
zhne	zhen
zhneg	zheng
zhnog	zhong
zhnu	zhun
zhoa	zhao
zhogn	zhong
zhuagn	zhuang
zhuia	zhuai
zhuna	zhuan
zhunag	zhuang
zia	zai
zie	zei
zih	zhi
ziu	zui
zna	zan
znag	zang
zne	zen
zneg	zeng
znog	zong
znu	zun
zoa	zao
zogn	zong
zohng	zhong
zohu	zhou
zuh	zhu
zuha	zhua
zuhai	zhuai
zuhan	zhuan
zuhang	zhuang
zuhi	zhui
zuhn	zhun
zuho	zhuo
zuna	zuan
